{
  "variants": {
    "part=head,facing=north": { "model": "minecraft:block/bed_head" },
    "part=head,facing=east":  { "model": "minecraft:block/bed_head", "y": 90 },
    "part=head,facing=south": { "model": "minecraft:block/bed_head", "y": 180 },
    "part=head,facing=west":  { "model": "minecraft:block/bed_head", "y": 270 },

    "part=foot,facing=north": { "model": "minecraft:block/bed_feet" },
    "part=foot,facing=east":  { "model": "minecraft:block/bed_feet", "y": 90 },
    "part=foot,facing=south": { "model": "minecraft:block/bed_feet", "y": 180 },
    "part=foot,facing=west":  { "model": "minecraft:block/bed_feet", "y": 270 }
  }
}
