{
    "multipart": [
        {
            "when":  { "east": "false", "north": "false", "south": "false", "west": "false" },
            "apply": { "model": "minecraft:block/dark_oak_fence_post" }
        },
        {
            "when":  { "east": "true", "north": "true", "south": "true", "west": "true" },
            "apply": { "model": "minecraft:block/dark_oak_fence_post" }
        },

        {
            "when":  { "east": "true", "north": "true", "south": "true", "west": "false" },
            "apply": { "model": "minecraft:block/dark_oak_fence_post" }
        },
        {
            "when":  { "east": "true", "north": "true", "south": "false", "west": "true" },
            "apply": { "model": "minecraft:block/dark_oak_fence_post" }
        },
        {
            "when":  { "east": "true", "north": "false", "south": "true", "west": "true" },
            "apply": { "model": "minecraft:block/dark_oak_fence_post" }
        },
        {
            "when":  { "east": "false", "north": "true", "south": "true", "west": "true" },
            "apply": { "model": "minecraft:block/dark_oak_fence_post" }
        },

        {
            "when":  { "east": "false", "north": "false", "south": "false", "west": "true" },
            "apply": { "model": "minecraft:block/dark_oak_fence_post" }
        },
        {
            "when":  { "east": "false", "north": "false", "south": "true", "west": "false" },
            "apply": { "model": "minecraft:block/dark_oak_fence_post" }
        },
        {
            "when":  { "east": "false", "north": "true", "south": "false", "west": "false" },
            "apply": { "model": "minecraft:block/dark_oak_fence_post" }
        },
        {
            "when":  { "east": "true", "north": "false", "south": "false", "west": "false" },
            "apply": { "model": "minecraft:block/dark_oak_fence_post" }
        },

        {
            "when":  { "east": "true", "north": "true", "south": "false", "west": "false" },
            "apply": { "model": "minecraft:block/dark_oak_fence_post" }
        },
        {
            "when":  { "east": "false", "north": "true", "south": "false", "west": "true" },
            "apply": { "model": "minecraft:block/dark_oak_fence_post" }
        },
        {
            "when":  { "east": "true", "north": "false", "south": "true", "west": "false" },
            "apply": { "model": "minecraft:block/dark_oak_fence_post" }
        },
        {
            "when":  { "east": "false", "north": "false", "south": "true", "west": "true" },
            "apply": { "model": "minecraft:block/dark_oak_fence_post" }
        },

        {
            "when":  { "east": "false", "north": "true", "south": "true", "west": "false" },
            "apply": { "model": "minecraft:block/dark_oak_fence_bridge" }
        },
        {
            "when":  { "east": "true", "north": "false", "south": "false", "west": "true" },
            "apply": { "model": "minecraft:block/dark_oak_fence_bridge", "y": 90 }
        },

        {
            "when":  { "north": "true"},
            "apply": { "model": "minecraft:block/dark_oak_fence_side" }
        },
        {
            "when":  { "east": "true"},
            "apply": { "model": "minecraft:block/dark_oak_fence_side", "y": 90 }
        },
        {
            "when":  { "south": "true"},
            "apply": { "model": "minecraft:block/dark_oak_fence_side", "y": 180 }
        },
        {
            "when":  { "west": "true" },
            "apply": { "model": "minecraft:block/dark_oak_fence_side", "y": 270 }
        }
    ]
}