{
  "variants": {
    "facing=east,half=bottom,shape=inner_left": 
      [
      { "model": "minecraft:block/planks/darkoak/dark_oak_stairs_inner_0", "uvlock": true, "y": 270, "weight": 1 },
      { "model": "minecraft:block/planks/darkoak/dark_oak_stairs_inner_1", "uvlock": true, "y": 270, "weight": 1 },
      { "model": "minecraft:block/planks/darkoak/dark_oak_stairs_inner_2", "uvlock": true, "y": 270, "weight": 1 },
      { "model": "minecraft:block/planks/darkoak/dark_oak_stairs_inner_3", "uvlock": true, "y": 270, "weight": 1 }
      ],

    "facing=east,half=bottom,shape=inner_right": 
      [
      { "model": "minecraft:block/planks/darkoak/dark_oak_stairs_inner_0", "weight": 1 },
      { "model": "minecraft:block/planks/darkoak/dark_oak_stairs_inner_1", "weight": 1 },
      { "model": "minecraft:block/planks/darkoak/dark_oak_stairs_inner_2", "weight": 1 },
      { "model": "minecraft:block/planks/darkoak/dark_oak_stairs_inner_3", "weight": 1 }
      ],
    "facing=east,half=bottom,shape=outer_left": 
      [
      { "model": "minecraft:block/planks/darkoak/dark_oak_stairs_outer_0", "uvlock": true, "y": 270, "weight": 1 },
      { "model": "minecraft:block/planks/darkoak/dark_oak_stairs_outer_1", "uvlock": true, "y": 270, "weight": 1 },
      { "model": "minecraft:block/planks/darkoak/dark_oak_stairs_outer_2", "uvlock": true, "y": 270, "weight": 1 },
      { "model": "minecraft:block/planks/darkoak/dark_oak_stairs_outer_3", "uvlock": true, "y": 270, "weight": 1 }
      ],
    "facing=east,half=bottom,shape=outer_right": 
      [
      { "model": "minecraft:block/planks/darkoak/dark_oak_stairs_outer_0", "weight": 1 },
      { "model": "minecraft:block/planks/darkoak/dark_oak_stairs_outer_1", "weight": 1 },
      { "model": "minecraft:block/planks/darkoak/dark_oak_stairs_outer_2", "weight": 1 },
      { "model": "minecraft:block/planks/darkoak/dark_oak_stairs_outer_3", "weight": 1 }
      ],
    "facing=east,half=bottom,shape=straight": 
      [
      { "model": "minecraft:block/planks/darkoak/dark_oak_stairs_0", "weight": 1 },
      { "model": "minecraft:block/planks/darkoak/dark_oak_stairs_1", "weight": 1 },
      { "model": "minecraft:block/planks/darkoak/dark_oak_stairs_2", "weight": 1 },
      { "model": "minecraft:block/planks/darkoak/dark_oak_stairs_3", "weight": 1 }
      ],
    "facing=east,half=top,shape=inner_left": 
      [
      { "model": "minecraft:block/planks/darkoak/dark_oak_stairs_inner_0", "uvlock": true, "x": 180, "weight": 1 },
      { "model": "minecraft:block/planks/darkoak/dark_oak_stairs_inner_1", "uvlock": true, "x": 180, "weight": 1 },
      { "model": "minecraft:block/planks/darkoak/dark_oak_stairs_inner_2", "uvlock": true, "x": 180, "weight": 1 },
      { "model": "minecraft:block/planks/darkoak/dark_oak_stairs_inner_3", "uvlock": true, "x": 180, "weight": 1 }
      ],
    "facing=east,half=top,shape=inner_right": 
      [
      { "model": "minecraft:block/planks/darkoak/dark_oak_stairs_inner_0", "uvlock": true, "x": 180, "y": 90, "weight": 1 },
      { "model": "minecraft:block/planks/darkoak/dark_oak_stairs_inner_1", "uvlock": true, "x": 180, "y": 90, "weight": 1 },
      { "model": "minecraft:block/planks/darkoak/dark_oak_stairs_inner_2", "uvlock": true, "x": 180, "y": 90, "weight": 1 },
      { "model": "minecraft:block/planks/darkoak/dark_oak_stairs_inner_3", "uvlock": true, "x": 180, "y": 90, "weight": 1 }
      ],
    "facing=east,half=top,shape=outer_left": 
      [
      { "model": "minecraft:block/planks/darkoak/dark_oak_stairs_outer_0", "uvlock": true, "x": 180, "weight": 1 },
      { "model": "minecraft:block/planks/darkoak/dark_oak_stairs_outer_1", "uvlock": true, "x": 180, "weight": 1 },
      { "model": "minecraft:block/planks/darkoak/dark_oak_stairs_outer_2", "uvlock": true, "x": 180, "weight": 1 },
      { "model": "minecraft:block/planks/darkoak/dark_oak_stairs_outer_3", "uvlock": true, "x": 180, "weight": 1 }
      ],
    "facing=east,half=top,shape=outer_right": 
      [
      { "model": "minecraft:block/planks/darkoak/dark_oak_stairs_outer_0", "uvlock": true, "x": 180, "y": 90, "weight": 1 },
      { "model": "minecraft:block/planks/darkoak/dark_oak_stairs_outer_1", "uvlock": true, "x": 180, "y": 90, "weight": 1 },
      { "model": "minecraft:block/planks/darkoak/dark_oak_stairs_outer_2", "uvlock": true, "x": 180, "y": 90, "weight": 1 },
      { "model": "minecraft:block/planks/darkoak/dark_oak_stairs_outer_3", "uvlock": true, "x": 180, "y": 90, "weight": 1 }
      ],
    "facing=east,half=top,shape=straight": 
      [
      { "model": "minecraft:block/planks/darkoak/dark_oak_stairs_0", "uvlock": true, "x": 180, "weight": 1 },
      { "model": "minecraft:block/planks/darkoak/dark_oak_stairs_1", "uvlock": true, "x": 180, "weight": 1 },
      { "model": "minecraft:block/planks/darkoak/dark_oak_stairs_2", "uvlock": true, "x": 180, "weight": 1 },
      { "model": "minecraft:block/planks/darkoak/dark_oak_stairs_3", "uvlock": true, "x": 180, "weight": 1 }
      ],
    "facing=north,half=bottom,shape=inner_left": 
      [
      { "model": "minecraft:block/planks/darkoak/dark_oak_stairs_inner_0", "uvlock": true, "y": 180, "weight": 1 },
      { "model": "minecraft:block/planks/darkoak/dark_oak_stairs_inner_1", "uvlock": true, "y": 180, "weight": 1 },
      { "model": "minecraft:block/planks/darkoak/dark_oak_stairs_inner_2", "uvlock": true, "y": 180, "weight": 1 },
      { "model": "minecraft:block/planks/darkoak/dark_oak_stairs_inner_3", "uvlock": true, "y": 180, "weight": 1 }
      ],
    "facing=north,half=bottom,shape=inner_right": 
      [
      { "model": "minecraft:block/planks/darkoak/dark_oak_stairs_inner_0", "uvlock": true, "y": 270, "weight": 1 },
      { "model": "minecraft:block/planks/darkoak/dark_oak_stairs_inner_1", "uvlock": true, "y": 270, "weight": 1 },
      { "model": "minecraft:block/planks/darkoak/dark_oak_stairs_inner_2", "uvlock": true, "y": 270, "weight": 1 },
      { "model": "minecraft:block/planks/darkoak/dark_oak_stairs_inner_3", "uvlock": true, "y": 270, "weight": 1 }
      ],
    "facing=north,half=bottom,shape=outer_left": 
      [
      { "model": "minecraft:block/planks/darkoak/dark_oak_stairs_outer_0", "uvlock": true, "y": 180, "weight": 1 },
      { "model": "minecraft:block/planks/darkoak/dark_oak_stairs_outer_1", "uvlock": true, "y": 180, "weight": 1 },
      { "model": "minecraft:block/planks/darkoak/dark_oak_stairs_outer_2", "uvlock": true, "y": 180, "weight": 1 },
      { "model": "minecraft:block/planks/darkoak/dark_oak_stairs_outer_3", "uvlock": true, "y": 180, "weight": 1 }
      ],
    "facing=north,half=bottom,shape=outer_right": 
      [
      { "model": "minecraft:block/planks/darkoak/dark_oak_stairs_outer_0", "uvlock": true, "y": 270, "weight": 1 },
      { "model": "minecraft:block/planks/darkoak/dark_oak_stairs_outer_1", "uvlock": true, "y": 270, "weight": 1 },
      { "model": "minecraft:block/planks/darkoak/dark_oak_stairs_outer_2", "uvlock": true, "y": 270, "weight": 1 },
      { "model": "minecraft:block/planks/darkoak/dark_oak_stairs_outer_3", "uvlock": true, "y": 270, "weight": 1 }
      ],
    "facing=north,half=bottom,shape=straight": 
      [
      { "model": "minecraft:block/planks/darkoak/dark_oak_stairs_0", "uvlock": true, "y": 270, "weight": 1 },
      { "model": "minecraft:block/planks/darkoak/dark_oak_stairs_1", "uvlock": true, "y": 270, "weight": 1 },
      { "model": "minecraft:block/planks/darkoak/dark_oak_stairs_2", "uvlock": true, "y": 270, "weight": 1 },
      { "model": "minecraft:block/planks/darkoak/dark_oak_stairs_3", "uvlock": true, "y": 270, "weight": 1 }
      ],
    "facing=north,half=top,shape=inner_left": 
      [
      { "model": "minecraft:block/planks/darkoak/dark_oak_stairs_inner_0", "uvlock": true, "x": 180, "y": 270, "weight": 1 },
      { "model": "minecraft:block/planks/darkoak/dark_oak_stairs_inner_1", "uvlock": true, "x": 180, "y": 270, "weight": 1 },
      { "model": "minecraft:block/planks/darkoak/dark_oak_stairs_inner_2", "uvlock": true, "x": 180, "y": 270, "weight": 1 },
      { "model": "minecraft:block/planks/darkoak/dark_oak_stairs_inner_3", "uvlock": true, "x": 180, "y": 270, "weight": 1 }
      ],
    "facing=north,half=top,shape=inner_right": 
      [
      { "model": "minecraft:block/planks/darkoak/dark_oak_stairs_inner_0", "uvlock": true, "x": 180, "weight": 1 },
      { "model": "minecraft:block/planks/darkoak/dark_oak_stairs_inner_1", "uvlock": true, "x": 180, "weight": 1 },
      { "model": "minecraft:block/planks/darkoak/dark_oak_stairs_inner_2", "uvlock": true, "x": 180, "weight": 1 },
      { "model": "minecraft:block/planks/darkoak/dark_oak_stairs_inner_3", "uvlock": true, "x": 180, "weight": 1 }
      ],
    "facing=north,half=top,shape=outer_left": 
      [
      { "model": "minecraft:block/planks/darkoak/dark_oak_stairs_outer_0", "uvlock": true, "x": 180, "y": 270, "weight": 1 },
      { "model": "minecraft:block/planks/darkoak/dark_oak_stairs_outer_1", "uvlock": true, "x": 180, "y": 270, "weight": 1 },
      { "model": "minecraft:block/planks/darkoak/dark_oak_stairs_outer_2", "uvlock": true, "x": 180, "y": 270, "weight": 1 },
      { "model": "minecraft:block/planks/darkoak/dark_oak_stairs_outer_3", "uvlock": true, "x": 180, "y": 270, "weight": 1 }
      ],
    "facing=north,half=top,shape=outer_right": 
      [
      { "model": "minecraft:block/planks/darkoak/dark_oak_stairs_outer_0", "uvlock": true, "x": 180, "weight": 1 },
      { "model": "minecraft:block/planks/darkoak/dark_oak_stairs_outer_1", "uvlock": true, "x": 180, "weight": 1 },
      { "model": "minecraft:block/planks/darkoak/dark_oak_stairs_outer_2", "uvlock": true, "x": 180, "weight": 1 },
      { "model": "minecraft:block/planks/darkoak/dark_oak_stairs_outer_3", "uvlock": true, "x": 180, "weight": 1 }
      ],
    "facing=north,half=top,shape=straight": 
      [
      { "model": "minecraft:block/planks/darkoak/dark_oak_stairs_0", "uvlock": true, "x": 180, "y": 270, "weight": 1 },
      { "model": "minecraft:block/planks/darkoak/dark_oak_stairs_1", "uvlock": true, "x": 180, "y": 270, "weight": 1 },
      { "model": "minecraft:block/planks/darkoak/dark_oak_stairs_2", "uvlock": true, "x": 180, "y": 270, "weight": 1 },
      { "model": "minecraft:block/planks/darkoak/dark_oak_stairs_3", "uvlock": true, "x": 180, "y": 270, "weight": 1 }
      ],
    "facing=south,half=bottom,shape=inner_left": 
      [
      { "model": "minecraft:block/planks/darkoak/dark_oak_stairs_inner_0", "weight": 1 },
      { "model": "minecraft:block/planks/darkoak/dark_oak_stairs_inner_1", "weight": 1 },
      { "model": "minecraft:block/planks/darkoak/dark_oak_stairs_inner_2", "weight": 1 },
      { "model": "minecraft:block/planks/darkoak/dark_oak_stairs_inner_3", "weight": 1 }
      ],
    "facing=south,half=bottom,shape=inner_right": 
      [
      { "model": "minecraft:block/planks/darkoak/dark_oak_stairs_inner_0", "uvlock": true, "y": 90, "weight": 1 },
      { "model": "minecraft:block/planks/darkoak/dark_oak_stairs_inner_1", "uvlock": true, "y": 90, "weight": 1 },
      { "model": "minecraft:block/planks/darkoak/dark_oak_stairs_inner_2", "uvlock": true, "y": 90, "weight": 1 },
      { "model": "minecraft:block/planks/darkoak/dark_oak_stairs_inner_3", "uvlock": true, "y": 90, "weight": 1 }
      ],
    "facing=south,half=bottom,shape=outer_left": 
      [
      { "model": "minecraft:block/planks/darkoak/dark_oak_stairs_outer_0", "weight": 1 },
      { "model": "minecraft:block/planks/darkoak/dark_oak_stairs_outer_1", "weight": 1 },
      { "model": "minecraft:block/planks/darkoak/dark_oak_stairs_outer_2", "weight": 1 },
      { "model": "minecraft:block/planks/darkoak/dark_oak_stairs_outer_3", "weight": 1 }
      ],
    "facing=south,half=bottom,shape=outer_right": 
      [
      { "model": "minecraft:block/planks/darkoak/dark_oak_stairs_outer_0", "uvlock": true, "y": 90, "weight": 1 },
      { "model": "minecraft:block/planks/darkoak/dark_oak_stairs_outer_1", "uvlock": true, "y": 90, "weight": 1 },
      { "model": "minecraft:block/planks/darkoak/dark_oak_stairs_outer_2", "uvlock": true, "y": 90, "weight": 1 },
      { "model": "minecraft:block/planks/darkoak/dark_oak_stairs_outer_3", "uvlock": true, "y": 90, "weight": 1 }
      ],
    "facing=south,half=bottom,shape=straight": 
      [
      { "model": "minecraft:block/planks/darkoak/dark_oak_stairs_0", "uvlock": true, "y": 90, "weight": 1 },
      { "model": "minecraft:block/planks/darkoak/dark_oak_stairs_1", "uvlock": true, "y": 90, "weight": 1 },
      { "model": "minecraft:block/planks/darkoak/dark_oak_stairs_2", "uvlock": true, "y": 90, "weight": 1 },
      { "model": "minecraft:block/planks/darkoak/dark_oak_stairs_3", "uvlock": true, "y": 90, "weight": 1 }
      ],
    "facing=south,half=top,shape=inner_left": 
      [
      { "model": "minecraft:block/planks/darkoak/dark_oak_stairs_inner_0", "uvlock": true, "x": 180, "y": 90, "weight": 1 },
      { "model": "minecraft:block/planks/darkoak/dark_oak_stairs_inner_1", "uvlock": true, "x": 180, "y": 90, "weight": 1 },
      { "model": "minecraft:block/planks/darkoak/dark_oak_stairs_inner_2", "uvlock": true, "x": 180, "y": 90, "weight": 1 },
      { "model": "minecraft:block/planks/darkoak/dark_oak_stairs_inner_3", "uvlock": true, "x": 180, "y": 90, "weight": 1 }
      ],
    "facing=south,half=top,shape=inner_right": 
      [
      { "model": "minecraft:block/planks/darkoak/dark_oak_stairs_inner_0", "uvlock": true, "x": 180, "y": 180, "weight": 1 },
      { "model": "minecraft:block/planks/darkoak/dark_oak_stairs_inner_1", "uvlock": true, "x": 180, "y": 180, "weight": 1 },
      { "model": "minecraft:block/planks/darkoak/dark_oak_stairs_inner_2", "uvlock": true, "x": 180, "y": 180, "weight": 1 },
      { "model": "minecraft:block/planks/darkoak/dark_oak_stairs_inner_3", "uvlock": true, "x": 180, "y": 180, "weight": 1 }
      ],
    "facing=south,half=top,shape=outer_left": 
      [
      { "model": "minecraft:block/planks/darkoak/dark_oak_stairs_outer_0", "uvlock": true, "x": 180, "y": 90, "weight": 1 },
      { "model": "minecraft:block/planks/darkoak/dark_oak_stairs_outer_1", "uvlock": true, "x": 180, "y": 90, "weight": 1 },
      { "model": "minecraft:block/planks/darkoak/dark_oak_stairs_outer_2", "uvlock": true, "x": 180, "y": 90, "weight": 1 },
      { "model": "minecraft:block/planks/darkoak/dark_oak_stairs_outer_3", "uvlock": true, "x": 180, "y": 90, "weight": 1 }
      ],
    "facing=south,half=top,shape=outer_right": 
      [
      { "model": "minecraft:block/planks/darkoak/dark_oak_stairs_outer_0", "uvlock": true, "x": 180, "y": 180, "weight": 1 },
      { "model": "minecraft:block/planks/darkoak/dark_oak_stairs_outer_1", "uvlock": true, "x": 180, "y": 180, "weight": 1 },
      { "model": "minecraft:block/planks/darkoak/dark_oak_stairs_outer_2", "uvlock": true, "x": 180, "y": 180, "weight": 1 },
      { "model": "minecraft:block/planks/darkoak/dark_oak_stairs_outer_3", "uvlock": true, "x": 180, "y": 180, "weight": 1 }
      ],
    "facing=south,half=top,shape=straight": 
      [
      { "model": "minecraft:block/planks/darkoak/dark_oak_stairs_0", "uvlock": true, "x": 180, "y": 90, "weight": 1 },
      { "model": "minecraft:block/planks/darkoak/dark_oak_stairs_1", "uvlock": true, "x": 180, "y": 90, "weight": 1 },
      { "model": "minecraft:block/planks/darkoak/dark_oak_stairs_2", "uvlock": true, "x": 180, "y": 90, "weight": 1 },
      { "model": "minecraft:block/planks/darkoak/dark_oak_stairs_3", "uvlock": true, "x": 180, "y": 90, "weight": 1 }
      ],
    "facing=west,half=bottom,shape=inner_left": 
      [
      { "model": "minecraft:block/planks/darkoak/dark_oak_stairs_inner_0", "uvlock": true, "y": 90, "weight": 1 },
      { "model": "minecraft:block/planks/darkoak/dark_oak_stairs_inner_1", "uvlock": true, "y": 90, "weight": 1 },
      { "model": "minecraft:block/planks/darkoak/dark_oak_stairs_inner_2", "uvlock": true, "y": 90, "weight": 1 },
      { "model": "minecraft:block/planks/darkoak/dark_oak_stairs_inner_3", "uvlock": true, "y": 90, "weight": 1 }
      ],
    "facing=west,half=bottom,shape=inner_right": 
      [
      { "model": "minecraft:block/planks/darkoak/dark_oak_stairs_inner_0", "uvlock": true, "y": 180, "weight": 1 },
      { "model": "minecraft:block/planks/darkoak/dark_oak_stairs_inner_1", "uvlock": true, "y": 180, "weight": 1 },
      { "model": "minecraft:block/planks/darkoak/dark_oak_stairs_inner_2", "uvlock": true, "y": 180, "weight": 1 },
      { "model": "minecraft:block/planks/darkoak/dark_oak_stairs_inner_3", "uvlock": true, "y": 180, "weight": 1 }
      ],
    "facing=west,half=bottom,shape=outer_left": 
      [
      { "model": "minecraft:block/planks/darkoak/dark_oak_stairs_outer_0", "uvlock": true, "y": 90, "weight": 1 },
      { "model": "minecraft:block/planks/darkoak/dark_oak_stairs_outer_1", "uvlock": true, "y": 90, "weight": 1 },
      { "model": "minecraft:block/planks/darkoak/dark_oak_stairs_outer_2", "uvlock": true, "y": 90, "weight": 1 },
      { "model": "minecraft:block/planks/darkoak/dark_oak_stairs_outer_3", "uvlock": true, "y": 90, "weight": 1 }
      ],
    "facing=west,half=bottom,shape=outer_right": 
      [
      { "model": "minecraft:block/planks/darkoak/dark_oak_stairs_outer_0", "uvlock": true, "y": 180, "weight": 1 },
      { "model": "minecraft:block/planks/darkoak/dark_oak_stairs_outer_1", "uvlock": true, "y": 180, "weight": 1 },
      { "model": "minecraft:block/planks/darkoak/dark_oak_stairs_outer_2", "uvlock": true, "y": 180, "weight": 1 },
      { "model": "minecraft:block/planks/darkoak/dark_oak_stairs_outer_3", "uvlock": true, "y": 180, "weight": 1 }
      ],
    "facing=west,half=bottom,shape=straight": 
      [
      { "model": "minecraft:block/planks/darkoak/dark_oak_stairs_0", "uvlock": true, "y": 180, "weight": 1 },
      { "model": "minecraft:block/planks/darkoak/dark_oak_stairs_1", "uvlock": true, "y": 180, "weight": 1 },
      { "model": "minecraft:block/planks/darkoak/dark_oak_stairs_2", "uvlock": true, "y": 180, "weight": 1 },
      { "model": "minecraft:block/planks/darkoak/dark_oak_stairs_3", "uvlock": true, "y": 180, "weight": 1 }
      ],
    "facing=west,half=top,shape=inner_left": 
      [
      { "model": "minecraft:block/planks/darkoak/dark_oak_stairs_inner_0", "uvlock": true, "x": 180, "y": 180, "weight": 1 },
      { "model": "minecraft:block/planks/darkoak/dark_oak_stairs_inner_1", "uvlock": true, "x": 180, "y": 180, "weight": 1 },
      { "model": "minecraft:block/planks/darkoak/dark_oak_stairs_inner_2", "uvlock": true, "x": 180, "y": 180, "weight": 1 },
      { "model": "minecraft:block/planks/darkoak/dark_oak_stairs_inner_3", "uvlock": true, "x": 180, "y": 180, "weight": 1 }
      ],
    "facing=west,half=top,shape=inner_right": 
      [
      { "model": "minecraft:block/planks/darkoak/dark_oak_stairs_inner_0", "uvlock": true, "x": 180, "y": 270, "weight": 1 },
      { "model": "minecraft:block/planks/darkoak/dark_oak_stairs_inner_1", "uvlock": true, "x": 180, "y": 270, "weight": 1 },
      { "model": "minecraft:block/planks/darkoak/dark_oak_stairs_inner_2", "uvlock": true, "x": 180, "y": 270, "weight": 1 },
      { "model": "minecraft:block/planks/darkoak/dark_oak_stairs_inner_3", "uvlock": true, "x": 180, "y": 270, "weight": 1 }
      ],
    "facing=west,half=top,shape=outer_left": 
      [
      { "model": "minecraft:block/planks/darkoak/dark_oak_stairs_outer_0", "uvlock": true, "x": 180, "y": 180, "weight": 1 },
      { "model": "minecraft:block/planks/darkoak/dark_oak_stairs_outer_1", "uvlock": true, "x": 180, "y": 180, "weight": 1 },
      { "model": "minecraft:block/planks/darkoak/dark_oak_stairs_outer_2", "uvlock": true, "x": 180, "y": 180, "weight": 1 },
      { "model": "minecraft:block/planks/darkoak/dark_oak_stairs_outer_3", "uvlock": true, "x": 180, "y": 180, "weight": 1 }
      ],
    "facing=west,half=top,shape=outer_right": 
      [
      { "model": "minecraft:block/planks/darkoak/dark_oak_stairs_outer_0", "uvlock": true, "x": 180, "y": 270, "weight": 1 },
      { "model": "minecraft:block/planks/darkoak/dark_oak_stairs_outer_1", "uvlock": true, "x": 180, "y": 270, "weight": 1 },
      { "model": "minecraft:block/planks/darkoak/dark_oak_stairs_outer_2", "uvlock": true, "x": 180, "y": 270, "weight": 1 },
      { "model": "minecraft:block/planks/darkoak/dark_oak_stairs_outer_3", "uvlock": true, "x": 180, "y": 270, "weight": 1 }
      ],
    "facing=west,half=top,shape=straight": 
      [
      { "model": "minecraft:block/planks/darkoak/dark_oak_stairs_0", "uvlock": true, "x": 180, "y": 180, "weight": 1 },
      { "model": "minecraft:block/planks/darkoak/dark_oak_stairs_1", "uvlock": true, "x": 180, "y": 180, "weight": 1 },
      { "model": "minecraft:block/planks/darkoak/dark_oak_stairs_2", "uvlock": true, "x": 180, "y": 180, "weight": 1 },
      { "model": "minecraft:block/planks/darkoak/dark_oak_stairs_3", "uvlock": true, "x": 180, "y": 180, "weight": 1 }
      ]
  }
}