{
    "variants": {
        "": [
            { "model": "minecraft:block/dirt_path", "weight": 1 },
            { "model": "minecraft:block/dirt_path", "weight": 1, "y": 90 },
            { "model": "minecraft:block/dirt_path", "weight": 1, "y": 180 },
            { "model": "minecraft:block/dirt_path", "weight": 1, "y": 270 },
            { "model": "block/foliage/dirt/dirt_path1", "weight": 1 },
            { "model": "block/foliage/dirt/dirt_path1", "weight": 1, "y": 90 },
            { "model": "block/foliage/dirt/dirt_path1", "weight": 1, "y": 180 },
            { "model": "block/foliage/dirt/dirt_path1", "weight": 1, "y": 270 }
        ]
    }
}
