{
  "variants": {
    "facing=east,lit=false,signal_fire=false": {
      "model": "block/campfire_logs",
      "y": 270
    },
    "facing=east,lit=true,signal_fire=false": {
      "model": "block/soul_campfire",
      "y": 270
    },
    "facing=north,lit=false,signal_fire=false": {
      "model": "block/campfire_logs",
      "y": 180
    },
    "facing=north,lit=true,signal_fire=false": {
      "model": "block/soul_campfire",
      "y": 180
    },
    "facing=south,lit=false,signal_fire=false": {
      "model": "block/campfire_logs"
    },
    "facing=south,lit=true,signal_fire=false": {
      "model": "block/soul_campfire"
    },
    "facing=west,lit=false,signal_fire=false": {
      "model": "block/campfire_logs",
      "y": 90
    },
    "facing=west,lit=true,signal_fire=false": {
      "model": "block/soul_campfire",
      "y": 90
    },
    "facing=east,lit=false,signal_fire=true": {
      "model": "block/campfire_signal_soul_off",
      "y": 270
    },
    "facing=east,lit=true,signal_fire=true": {
      "model": "block/campfire_signal_soul",
      "y": 270
    },
    "facing=north,lit=false,signal_fire=true": {
      "model": "block/campfire_signal_soul_off",
      "y": 180
    },
    "facing=north,lit=true,signal_fire=true": {
      "model": "block/campfire_signal_soul",
      "y": 180
    },
    "facing=south,lit=false,signal_fire=true": {
      "model": "block/campfire_signal_soul_off"
    },
    "facing=south,lit=true,signal_fire=true": {
      "model": "block/campfire_signal_soul"
    },
    "facing=west,lit=false,signal_fire=true": {
      "model": "block/campfire_signal_soul_off",
      "y": 90
    },
    "facing=west,lit=true,signal_fire=true": {
      "model": "block/campfire_signal_soul",
      "y": 90
    }
  }
}