{
  "model": {
    "type": "minecraft:condition",
    "property": "minecraft:has_component",
    "component": "minecraft:custom_name",
    "on_true": {
      "type": "minecraft:select",
      "model": "minecraft:block/carved_pumpkin",
      "property": "minecraft:component",
      "component": "minecraft:custom_name",
      "cases": [
        {
          "when": "Chef Hat",
          "model": {
            "type": "minecraft:model",
            "model": "minecraft:item/excalibur/carved_pumpkin/chef_hat"
          }
        },
        {
          "when": "Toque Blanche",
          "model": {
            "type": "minecraft:model",
            "model": "minecraft:item/excalibur/carved_pumpkin/chef_hat"
          }
        },	  		
        {
          "when": "Hood",
          "model": {
            "type": "minecraft:model",
            "model": "minecraft:item/excalibur/carved_pumpkin/hood"
          }
        },
        {
          "when": "Jar",
          "model": {
            "type": "minecraft:model",
            "model": "minecraft:item/excalibur/carved_pumpkin/jar"
          }
        },
        {
          "when": "Brick Jar",
          "model": {
            "type": "minecraft:model",
            "model": "minecraft:item/excalibur/carved_pumpkin/jar_brick"
          }
        },		
        {
          "when": "Mushroom Cap",
          "model": {
            "type": "minecraft:model",
            "model": "minecraft:item/excalibur/carved_pumpkin/mushroom_cap_red"
          }
        },	
        {
          "when": "Red Mushroom Cap",
          "model": {
            "type": "minecraft:model",
            "model": "minecraft:item/excalibur/carved_pumpkin/mushroom_cap_red"
          }
        },	
        {
          "when": "Brown Mushroom Cap",
          "model": {
            "type": "minecraft:model",
            "model": "minecraft:item/excalibur/carved_pumpkin/mushroom_cap_brown"
          }
        },			
        {
          "when": "Red Headband",
          "model": {
            "type": "minecraft:model",
            "model": "minecraft:item/excalibur/carved_pumpkin/headband_red"
          }
        },		
        {
          "when": "Straw Hat",
          "model": {
            "type": "minecraft:model",
            "model": "minecraft:item/excalibur/carved_pumpkin/straw_hat"
          }
        },		
        {
          "when": "Wizard Hat",
          "model": {
            "type": "minecraft:model",
            "model": "minecraft:item/excalibur/carved_pumpkin/wizard_hat"
          }
        },		
        {
          "when": "Black Wizard Hat",
          "model": {
            "type": "minecraft:model",
            "model": "minecraft:item/excalibur/carved_pumpkin/wizard_hat_black"
          }
        },		
        {
          "when": "Brown Wizard Hat",
          "model": {
            "type": "minecraft:model",
            "model": "minecraft:item/excalibur/carved_pumpkin/wizard_hat_brown"
          }
        }
      ],
      "fallback": {
        "type": "minecraft:model",
        "model": "minecraft:block/carved_pumpkin"
      }
    },
    "on_false": {
      "type": "minecraft:select",
      "property": "minecraft:display_context",
      "cases": [
        {
          "model": {
            "type": "minecraft:model",
            "model": "item/excalibur/carved_pumpkin/carved_pumpkin"
          },
          "when": [
            "head"
          ]
        }
      ],
      "fallback": {
        "type": "minecraft:model",
        "model": "minecraft:block/carved_pumpkin"
      }
    }
  }
}