{
  "model": {
    "type": "minecraft:select",
    "property": "minecraft:component",
    "component": "minecraft:custom_name",
    "cases": [
      {
        "when": "Diamond Battle Axe",
        "model": {
          "type": "minecraft:model",
          "model": "minecraft:item/excalibur/custom_name/diamond_battle_axe"
        }
      },
      {
        "when": "Diamond Hammer",
        "model": {
          "type": "minecraft:model",
          "model": "minecraft:item/excalibur/custom_name/diamond_hammer"
        }
      }
    ],
    "fallback": {
      "type": "minecraft:model",
      "model": "minecraft:item/diamond_axe"
    }
  }
}