{
	"format_version": "1.21.6",
	"parent": "block/block",
	"textures": {
		"4": "block/barrel_open",
		"bottom": "block/barrel_bottom",
		"particle": "block/barrel_side",
		"side": "block/barrel_side",
		"top": "block/barrel_top"
	},
	"elements": [
		{
			"from": [0, 0, 0],
			"to": [1, 16, 16],
			"faces": {
				"north": {"uv": [15, 0, 16, 16], "texture": "#side", "cullface": "north"},
				"east": {"uv": [0, 0, 16, 16], "texture": "#4", "cullface": "up"},
				"south": {"uv": [0, 0, 1, 16], "texture": "#side", "cullface": "south"},
				"west": {"uv": [0, 0, 16, 16], "texture": "#side", "cullface": "west"},
				"up": {"uv": [0, 0, 1, 16], "texture": "#top", "cullface": "up"},
				"down": {"uv": [0, 0, 1, 16], "texture": "#bottom", "cullface": "down"}
			}
		},
		{
			"from": [15, 0, 0],
			"to": [16, 16, 16],
			"faces": {
				"north": {"uv": [0, 0, 1, 16], "texture": "#side", "cullface": "north"},
				"east": {"uv": [0, 0, 16, 16], "texture": "#side", "cullface": "east"},
				"south": {"uv": [15, 0, 16, 16], "texture": "#side", "cullface": "south"},
				"west": {"uv": [0, 0, 16, 16], "texture": "#4", "cullface": "up"},
				"up": {"uv": [15, 0, 16, 16], "texture": "#top", "cullface": "up"},
				"down": {"uv": [15, 0, 16, 16], "texture": "#bottom", "cullface": "down"}
			}
		},
		{
			"from": [1, 0, 0],
			"to": [15, 16, 1],
			"faces": {
				"north": {"uv": [1, 0, 15, 16], "texture": "#side", "cullface": "north"},
				"east": {"uv": [0, 0, 1, 1], "texture": "#side"},
				"south": {"uv": [1, 0, 15, 16], "texture": "#4", "cullface": "up"},
				"west": {"uv": [0, 0, 1, 1], "texture": "#side"},
				"up": {"uv": [1, 0, 15, 1], "texture": "#top", "cullface": "up"},
				"down": {"uv": [1, 15, 15, 16], "texture": "#bottom", "cullface": "down"}
			}
		},
		{
			"from": [1, 0, 15],
			"to": [15, 16, 16],
			"faces": {
				"north": {"uv": [1, 0, 15, 16], "texture": "#4", "cullface": "up"},
				"east": {"uv": [0, 0, 1, 1], "texture": "#side"},
				"south": {"uv": [1, 0, 15, 16], "texture": "#side", "cullface": "south"},
				"west": {"uv": [0, 0, 1, 1], "texture": "#side"},
				"up": {"uv": [1, 15, 15, 16], "texture": "#top", "cullface": "up"},
				"down": {"uv": [1, 0, 15, 1], "texture": "#bottom", "cullface": "down"}
			}
		},
		{
			"from": [1, 0, 1],
			"to": [15, 13, 15],
			"faces": {
				"up": {"uv": [2, 4, 14, 16], "texture": "#4", "cullface": "up"},
				"down": {"uv": [1, 1, 15, 15], "texture": "#bottom", "cullface": "down"}
			}
		},
		{
			"from": [5, 15.95, -3],
			"to": [19, 16.95, 11],
			"rotation": {"angle": 45, "axis": "y", "origin": [12, 16.5, 4]},
			"faces": {
				"north": {"uv": [1, 14, 15, 15], "texture": "#top", "cullface": "up"},
				"east": {"uv": [1, 14, 15, 15], "texture": "#top", "cullface": "up"},
				"south": {"uv": [1, 14, 15, 15], "texture": "#top", "cullface": "up"},
				"west": {"uv": [1, 14, 15, 15], "texture": "#top", "cullface": "up"},
				"up": {"uv": [1, 1, 15, 15], "texture": "#top", "cullface": "up"},
				"down": {"uv": [1, 1, 15, 15], "texture": "#bottom", "cullface": "up"}
			}
		}
	]
}