{
	"format_version": "1.21.6",
	"texture_size": [32, 32],
	"textures": {
		"3": "block/bed_base",
		"particle": "block/oak_planks"
	},
	"elements": [
		{
			"from": [3, 9, 0],
			"to": [13, 12, 1],
			"rotation": {"angle": 0, "axis": "y", "origin": [2, 3, 0]},
			"faces": {
				"north": {"uv": [1.5, 8, 6.5, 9.5], "texture": "#3"},
				"south": {"uv": [1.5, 8, 6.5, 9.5], "texture": "#3"},
				"up": {"uv": [1.5, 8, 6.5, 8.5], "texture": "#3"},
				"down": {"uv": [1.5, 9, 6.5, 9.5], "texture": "#3"}
			}
		},
		{
			"from": [2, 8, 1],
			"to": [14, 10, 7],
			"rotation": {"angle": 0, "axis": "x", "origin": [2, 9, 0.9]},
			"faces": {
				"north": {"uv": [0, 3, 6, 4], "texture": "#3"},
				"east": {"uv": [6, 0, 7, 3], "rotation": 90, "texture": "#3"},
				"south": {"uv": [0, 3, 6, 4], "texture": "#3"},
				"west": {"uv": [6, 0, 7, 3], "rotation": 90, "texture": "#3"},
				"up": {"uv": [0, 0, 6, 3], "texture": "#3"},
				"down": {"uv": [0, 0, 6, 3], "texture": "#3"}
			}
		},
		{
			"from": [12.95, -2.95, -0.05],
			"to": [16.05, 13.05, 3.05],
			"rotation": {"angle": 0, "axis": "y", "origin": [13, 1, 1]},
			"faces": {
				"north": {"uv": [0, 8, 1.5, 16], "texture": "#3"},
				"east": {"uv": [0, 8, 1.5, 16], "texture": "#3"},
				"south": {"uv": [6.5, 8, 8, 16], "texture": "#3"},
				"west": {"uv": [0, 8, 1.5, 16], "texture": "#3"},
				"up": {"uv": [6.5, 6.5, 8, 8], "texture": "#3"},
				"down": {"uv": [6.5, 6.5, 8, 8], "texture": "#3"}
			}
		},
		{
			"from": [-0.05, -2.95, -0.05],
			"to": [3.05, 13.05, 3.05],
			"rotation": {"angle": 0, "axis": "y", "origin": [0, 1, 1]},
			"faces": {
				"north": {"uv": [6.5, 8, 8, 16], "texture": "#3"},
				"east": {"uv": [6.5, 8, 8, 16], "texture": "#3"},
				"south": {"uv": [0, 8, 1.5, 16], "texture": "#3"},
				"west": {"uv": [6.5, 8, 8, 16], "texture": "#3"},
				"up": {"uv": [0, 6.5, 1.5, 8], "texture": "#3"},
				"down": {"uv": [0, 6.5, 1.5, 8], "texture": "#3"}
			}
		}
	]
}