{
	"format_version": "1.21.6",
	"texture_size": [32, 32],
	"textures": {
		"4": "block/bed_base",
		"particle": "block/oak_planks"
	},
	"elements": [
		{
			"from": [-0.05, -5, 12.95],
			"to": [3.05, 11, 16.05],
			"rotation": {"angle": 0, "axis": "y", "origin": [0, -1, 14]},
			"faces": {
				"north": {"uv": [6.5, 8, 8, 16], "texture": "#4"},
				"east": {"uv": [6.5, 8, 8, 16], "texture": "#4"},
				"south": {"uv": [0, 8, 1.5, 16], "texture": "#4"},
				"west": {"uv": [6.5, 8, 8, 16], "texture": "#4"},
				"up": {"uv": [0, 6.5, 1.5, 8], "texture": "#4"},
				"down": {"uv": [0, 6.5, 1.5, 8], "texture": "#4"}
			}
		},
		{
			"from": [12.95, -5, 12.95],
			"to": [16.05, 11, 16.05],
			"rotation": {"angle": 0, "axis": "y", "origin": [13, -1, 14]},
			"faces": {
				"north": {"uv": [0, 8, 1.5, 16], "texture": "#4"},
				"east": {"uv": [0, 8, 1.5, 16], "texture": "#4"},
				"south": {"uv": [6.5, 8, 8, 16], "texture": "#4"},
				"west": {"uv": [0, 8, 1.5, 16], "texture": "#4"},
				"up": {"uv": [6.5, 6.5, 8, 8], "texture": "#4"},
				"down": {"uv": [6.5, 6.5, 8, 8], "texture": "#4"}
			}
		}
	]
}