{
	"parent": "block/thin_block",
	"textures": {
		"particle": "#wool"
	},
	"elements": [
		{
			"name": "wool",
			"from": [0, 0, 0],
			"to": [16, 1, 16],
			"faces": {
				"north": {"uv": [0, 15, 16, 16], "texture": "#wool", "cullface": "north"},
				"east": {"uv": [0, 15, 16, 16], "texture": "#wool", "cullface": "east"},
				"south": {"uv": [0, 15, 16, 16], "texture": "#wool", "cullface": "south"},
				"west": {"uv": [0, 15, 16, 16], "texture": "#wool", "cullface": "west"},
				"up": {"uv": [0, 0, 16, 16], "texture": "#wool"},
				"down": {"uv": [0, 0, 16, 16], "texture": "#wool", "cullface": "down"}
			}
		},
		{
			"from": [12, 1, -1],
			"to": [13, 1, 0],
			"rotation": {"angle": -22.5, "axis": "x", "origin": [12, 1, 0]},
			"faces": {
				"up": {"uv": [12, 0, 13, 1], "texture": "#wool"}
			}
		},
		{
			"from": [14, 1, -1],
			"to": [15, 1, 0],
			"rotation": {"angle": -22.5, "axis": "x", "origin": [14, 1, 0]},
			"faces": {
				"up": {"uv": [14, 0, 15, 1], "texture": "#wool"}
			}
		},
		{
			"from": [10, 1, -1],
			"to": [11, 1, 0],
			"rotation": {"angle": -22.5, "axis": "x", "origin": [10, 1, 0]},
			"faces": {
				"up": {"uv": [10, 0, 11, 1], "texture": "#wool"}
			}
		},
		{
			"from": [8, 1, -1],
			"to": [9, 1, 0],
			"rotation": {"angle": -22.5, "axis": "x", "origin": [8, 1, 0]},
			"faces": {
				"up": {"uv": [8, 0, 9, 1], "texture": "#wool"}
			}
		},
		{
			"from": [6, 1, -1],
			"to": [7, 1, 0],
			"rotation": {"angle": -22.5, "axis": "x", "origin": [6, 1, 0]},
			"faces": {
				"up": {"uv": [6, 0, 7, 1], "texture": "#wool"}
			}
		},
		{
			"from": [4, 1, -1],
			"to": [5, 1, 0],
			"rotation": {"angle": -22.5, "axis": "x", "origin": [4, 1, 0]},
			"faces": {
				"up": {"uv": [4, 0, 5, 1], "texture": "#wool"}
			}
		},
		{
			"from": [2, 1, -1],
			"to": [3, 1, 0],
			"rotation": {"angle": -22.5, "axis": "x", "origin": [2, 1, 0]},
			"faces": {
				"up": {"uv": [2, 0, 3, 1], "texture": "#wool"}
			}
		},
		{
			"from": [0, 1, -1],
			"to": [1, 1, 0],
			"rotation": {"angle": -22.5, "axis": "x", "origin": [0, 1, 0]},
			"faces": {
				"up": {"uv": [0, 0, 1, 1], "texture": "#wool"}
			}
		},
		{
			"from": [1, 1, 16],
			"to": [2, 1, 17],
			"rotation": {"angle": 22.5, "axis": "x", "origin": [-3, 1, 16]},
			"faces": {
				"up": {"uv": [1, 15, 2, 16], "texture": "#wool"}
			}
		},
		{
			"from": [3, 1, 16],
			"to": [4, 1, 17],
			"rotation": {"angle": 22.5, "axis": "x", "origin": [-1, 1, 16]},
			"faces": {
				"up": {"uv": [3, 15, 4, 16], "texture": "#wool"}
			}
		},
		{
			"from": [5, 1, 16],
			"to": [6, 1, 17],
			"rotation": {"angle": 22.5, "axis": "x", "origin": [1, 1, 16]},
			"faces": {
				"up": {"uv": [5, 15, 6, 16], "texture": "#wool"}
			}
		},
		{
			"from": [7, 1, 16],
			"to": [8, 1, 17],
			"rotation": {"angle": 22.5, "axis": "x", "origin": [3, 1, 16]},
			"faces": {
				"up": {"uv": [7, 15, 8, 16], "texture": "#wool"}
			}
		},
		{
			"from": [13, 1, 16],
			"to": [14, 1, 17],
			"rotation": {"angle": 22.5, "axis": "x", "origin": [9, 1, 16]},
			"faces": {
				"up": {"uv": [13, 15, 14, 16], "texture": "#wool"}
			}
		},
		{
			"from": [15, 1, 16],
			"to": [16, 1, 17],
			"rotation": {"angle": 22.5, "axis": "x", "origin": [11, 1, 16]},
			"faces": {
				"up": {"uv": [15, 15, 16, 16], "texture": "#wool"}
			}
		},
		{
			"from": [11, 1, 16],
			"to": [12, 1, 17],
			"rotation": {"angle": 22.5, "axis": "x", "origin": [7, 1, 16]},
			"faces": {
				"up": {"uv": [11, 15, 12, 16], "texture": "#wool"}
			}
		},
		{
			"from": [9, 1, 16],
			"to": [10, 1, 17],
			"rotation": {"angle": 22.5, "axis": "x", "origin": [5, 1, 16]},
			"faces": {
				"up": {"uv": [9, 15, 10, 16], "texture": "#wool"}
			}
		},
		{
			"from": [-1, 1, 0],
			"to": [0, 1, 1],
			"rotation": {"angle": 22.5, "axis": "z", "origin": [0, 1, 0]},
			"faces": {
				"up": {"uv": [0, 0, 1, 1], "texture": "#wool"}
			}
		},
		{
			"from": [-1, 1, 14],
			"to": [0, 1, 15],
			"rotation": {"angle": 22.5, "axis": "z", "origin": [0, 1, 14]},
			"faces": {
				"up": {"uv": [0, 14, 1, 15], "texture": "#wool"}
			}
		},
		{
			"from": [-1, 1, 12],
			"to": [0, 1, 13],
			"rotation": {"angle": 22.5, "axis": "z", "origin": [0, 1, 12]},
			"faces": {
				"up": {"uv": [0, 12, 1, 13], "texture": "#wool"}
			}
		},
		{
			"from": [-1, 1, 8],
			"to": [0, 1, 9],
			"rotation": {"angle": 22.5, "axis": "z", "origin": [0, 1, 8]},
			"faces": {
				"up": {"uv": [0, 8, 1, 9], "texture": "#wool"}
			}
		},
		{
			"from": [-1, 1, 10],
			"to": [0, 1, 11],
			"rotation": {"angle": 22.5, "axis": "z", "origin": [0, 1, 10]},
			"faces": {
				"up": {"uv": [0, 10, 1, 11], "texture": "#wool"}
			}
		},
		{
			"from": [-1, 1, 4],
			"to": [0, 1, 5],
			"rotation": {"angle": 22.5, "axis": "z", "origin": [0, 1, 4]},
			"faces": {
				"up": {"uv": [0, 4, 1, 5], "texture": "#wool"}
			}
		},
		{
			"from": [-1, 1, 2],
			"to": [0, 1, 3],
			"rotation": {"angle": 22.5, "axis": "z", "origin": [0, 1, 2]},
			"faces": {
				"up": {"uv": [0, 2, 1, 3], "texture": "#wool"}
			}
		},
		{
			"from": [-1, 1, 6],
			"to": [0, 1, 7],
			"rotation": {"angle": 22.5, "axis": "z", "origin": [0, 1, 6]},
			"faces": {
				"up": {"uv": [0, 6, 1, 7], "texture": "#wool"}
			}
		},
		{
			"from": [16, 1, 15],
			"to": [17, 1, 16],
			"rotation": {"angle": -22.5, "axis": "z", "origin": [16, 1, 3]},
			"faces": {
				"up": {"uv": [15, 15, 16, 16], "texture": "#wool"}
			}
		},
		{
			"from": [16, 1, 13],
			"to": [17, 1, 14],
			"rotation": {"angle": -22.5, "axis": "z", "origin": [16, 1, 1]},
			"faces": {
				"up": {"uv": [15, 13, 16, 14], "texture": "#wool"}
			}
		},
		{
			"from": [16, 1, 9],
			"to": [17, 1, 10],
			"rotation": {"angle": -22.5, "axis": "z", "origin": [16, 1, -3]},
			"faces": {
				"up": {"uv": [15, 9, 16, 10], "texture": "#wool"}
			}
		},
		{
			"from": [16, 1, 11],
			"to": [17, 1, 12],
			"rotation": {"angle": -22.5, "axis": "z", "origin": [16, 1, -1]},
			"faces": {
				"up": {"uv": [15, 11, 16, 12], "texture": "#wool"}
			}
		},
		{
			"from": [16, 1, 1],
			"to": [17, 1, 2],
			"rotation": {"angle": -22.5, "axis": "z", "origin": [16, 1, -11]},
			"faces": {
				"up": {"uv": [15, 1, 16, 2], "texture": "#wool"}
			}
		},
		{
			"from": [16, 1, 3],
			"to": [17, 1, 4],
			"rotation": {"angle": -22.5, "axis": "z", "origin": [16, 1, -9]},
			"faces": {
				"up": {"uv": [15, 3, 16, 4], "texture": "#wool"}
			}
		},
		{
			"from": [16, 1, 5],
			"to": [17, 1, 6],
			"rotation": {"angle": -22.5, "axis": "z", "origin": [16, 1, -7]},
			"faces": {
				"up": {"uv": [15, 5, 16, 6], "texture": "#wool"}
			}
		},
		{
			"from": [16, 1, 7],
			"to": [17, 1, 8],
			"rotation": {"angle": -22.5, "axis": "z", "origin": [16, 1, -5]},
			"faces": {
				"up": {"uv": [15, 7, 16, 8], "texture": "#wool"}
			}
		}
	],
	"display": {
		"thirdperson_righthand": {
			"rotation": [75, 45, 0],
			"translation": [0, 2.5, 2],
			"scale": [0.375, 0.375, 0.375]
		},
		"thirdperson_lefthand": {
			"rotation": [75, 45, 0],
			"translation": [0, 2.5, 2],
			"scale": [0.375, 0.375, 0.375]
		},
		"firstperson_righthand": {
			"rotation": [0, 45, 0],
			"scale": [0.4, 0.4, 0.4]
		},
		"firstperson_lefthand": {
			"rotation": [0, -135, 0],
			"scale": [0.4, 0.4, 0.4]
		},
		"ground": {
			"translation": [0, 3, 0],
			"scale": [0.25, 0.25, 0.25]
		},
		"gui": {
			"rotation": [30, -135, 0],
			"translation": [0, 4, 0],
			"scale": [0.625, 0.625, 0.625]
		},
		"fixed": {
			"scale": [0.5, 0.5, 0.5]
		}
	},
	"groups": [
		0,
		{
			"name": "edges",
			"origin": [12, 1, 0],
			"color": 0,
			"children": [
				{
					"name": "north",
					"origin": [12, 1, 0],
					"color": 0,
					"children": [1, 2, 3, 4, 5, 6, 7, 8]
				},
				{
					"name": "south",
					"origin": [12, 1, 0],
					"color": 0,
					"children": [9, 10, 11, 12, 13, 14, 15, 16]
				},
				{
					"name": "west",
					"origin": [12, 1, 0],
					"color": 0,
					"children": [17, 18, 19, 20, 21, 22, 23, 24]
				},
				{
					"name": "east",
					"origin": [12, 1, 0],
					"color": 0,
					"children": [25, 26, 27, 28, 29, 30, 31, 32]
				}
			]
		}
	]
}