{
	"format_version": "1.21.6",
	"parent": "block/block",
	"textures": {
		"all": "block/cherry_shelf",
		"particle": "block/stripped_cherry_log"
	},
	"elements": [
		{
			"name": "shelf_body",
			"from": [0, 4, 13],
			"to": [16, 12, 16],
			"faces": {
				"east": {"uv": [8, 2, 9.5, 6], "texture": "#all", "cullface": "east"},
				"south": {"uv": [8, 2, 16, 6], "texture": "#all", "cullface": "south"},
				"west": {"uv": [14.5, 2, 16, 6], "texture": "#all", "cullface": "west"},
				"up": {"uv": [16, 5, 8, 3.5], "texture": "#all", "cullface": "up"}
			}
		},
		{
			"name": "shelf_bottom",
			"from": [0, 0, 11],
			"to": [16, 4, 16],
			"faces": {
				"north": {"uv": [0, 6, 8, 8], "texture": "#all"},
				"east": {"uv": [13.5, 6, 16, 8], "texture": "#all", "cullface": "east"},
				"south": {"uv": [8, 6, 16, 8], "texture": "#all", "cullface": "south"},
				"west": {"uv": [8, 6, 10.5, 8], "texture": "#all", "cullface": "west"},
				"up": {"uv": [16, 5.5, 8, 8], "texture": "#all"},
				"down": {"uv": [16, 8, 8, 5.5], "texture": "#all", "cullface": "down"}
			}
		},
		{
			"name": "shelf_top",
			"from": [0, 12, 11],
			"to": [16, 16, 16],
			"faces": {
				"north": {"uv": [0, 0, 8, 2], "texture": "#all"},
				"east": {"uv": [13.5, 0, 16, 2], "texture": "#all", "cullface": "east"},
				"south": {"uv": [8, 0, 16, 2], "texture": "#all", "cullface": "south"},
				"west": {"uv": [8, 0, 10.5, 2], "texture": "#all", "cullface": "west"},
				"up": {"uv": [16, 5.5, 8, 8], "texture": "#all"},
				"down": {"uv": [16, 8, 8, 5.5], "texture": "#all"}
			}
		}
	],
	"display": {
		"gui": {
			"rotation": [30, -135, 0],
			"translation": [2.5, -1.5, 0],
			"scale": [0.625, 0.625, 0.625]
		},
		"fixed": {
			"translation": [0, 0, -4],
			"scale": [0.5, 0.5, 0.5]
		}
	}
}