{
    "textures": {
        "particle": "block/fence_gate_crimson",
        "0": "block/fence_gate_crimson"
    },
    "elements": [
        {
            "name": "Element",
            "from": [ 0.0, 2.0, 7.0 ], 
            "to": [ 2.0, 13.0, 9.0 ], 
            "faces": {
                "north": { "texture": "#0", "uv": [ 0.0, 0.0, 2.0, 11.0 ] },
                "east": { "texture": "#0", "uv": [ 7.0, 0.0, 9.0, 11.0 ] },
                "south": { "texture": "#0", "uv": [ 0.0, 0.0, 2.0, 11.0 ] },
                "west": { "texture": "#0", "uv": [ 7.0, 0.0, 9.0, 11.0 ], "cullface": "west" },
                "up": { "texture": "#0", "uv": [ 0.0, 7.0, 2.0, 9.0 ] },
                "down": { "texture": "#0", "uv": [ 0.0, 7.0, 2.0, 9.0 ] }
            }
        },
        {
            "name": "Element",
            "from": [ 14.0, 2.0, 7.0 ], 
            "to": [ 16.0, 13.0, 9.0 ], 
            "faces": {
                "north": { "texture": "#0", "uv": [ 14.0, 0.0, 16.0, 11.0 ] },
                "east": { "texture": "#0", "uv": [ 7.0, 0.0, 9.0, 11.0 ], "cullface": "east" },
                "south": { "texture": "#0", "uv": [ 14.0, 0.0, 16.0, 11.0 ] },
                "west": { "texture": "#0", "uv": [ 7.0, 0.0, 9.0, 11.0 ] },
                "up": { "texture": "#0", "uv": [ 14.0, 7.0, 16.0, 9.0 ] },
                "down": { "texture": "#0", "uv": [ 14.0, 7.0, 16.0, 9.0 ] }
            }
        },
        {
            "name": "Element",
            "from": [ 0.0, 3.0, 13.0 ], 
            "to": [ 2.0, 12.0, 15.0 ], 
            "faces": {
                "north": { "texture": "#0", "uv": [ 0.0, 1.0, 2.0, 10.0 ] },
                "east": { "texture": "#0", "uv": [ 14.0, 1.0, 16.0, 10.0 ] },
                "south": { "texture": "#0", "uv": [ 0.0, 1.0, 2.0, 10.0 ] },
                "west": { "texture": "#0", "uv": [ 14.0, 1.0, 16.0, 10.0 ] },
                "up": { "texture": "#0", "uv": [ 0.0, 13.0, 2.0, 15.0 ] },
                "down": { "texture": "#0", "uv": [ 0.0, 13.0, 2.0, 15.0 ] }
            }
        },
        {
            "name": "Element",
            "from": [ 14.0, 3.0, 13.0 ], 
            "to": [ 16.0, 12.0, 15.0 ], 
            "faces": {
                "north": { "texture": "#0", "uv": [ 14.0, 1.0, 16.0, 10.0 ] },
                "east": { "texture": "#0", "uv": [ 14.0, 1.0, 16.0, 10.0 ] },
                "south": { "texture": "#0", "uv": [ 14.0, 1.0, 16.0, 10.0 ] },
                "west": { "texture": "#0", "uv": [ 14.0, 1.0, 16.0, 10.0 ] },
                "up": { "texture": "#0", "uv": [ 14.0, 13.0, 16.0, 15.0 ] },
                "down": { "texture": "#0", "uv": [ 14.0, 13.0, 16.0, 15.0 ] }
            }
        },
        {
            "name": "Bottom2",
            "from": [ 0.0, 3.0, 9.0 ], 
            "to": [ 2.0, 6.0, 13.0 ], 
            "faces": {
                "east": { "texture": "#0", "uv": [ 10.0, 7.0, 14.0, 10.0 ] },
                "west": { "texture": "#0", "uv": [ 10.0, 7.0, 14.0, 10.0 ] },
                "up": { "texture": "#0", "uv": [ 0.0, 9.0, 2.0, 13.0 ] },
                "down": { "texture": "#0", "uv": [ 0.0, 9.0, 2.0, 13.0 ] }
            }
        },
        {
            "name": "Top2",
            "from": [ 0.0, 9.0, 9.0 ], 
            "to": [ 2.0, 12.0, 13.0 ], 
            "faces": {
                "east": { "texture": "#0", "uv": [ 10.0, 1.0, 14.0, 4.0 ] },
                "west": { "texture": "#0", "uv": [ 10.0, 1.0, 14.0, 4.0 ] },
                "up": { "texture": "#0", "uv": [ 0.0, 9.0, 2.0, 13.0 ] },
                "down": { "texture": "#0", "uv": [ 0.0, 9.0, 2.0, 13.0 ] }
            }
        },
        {
            "name": "Bottom1",
            "from": [ 14.0, 3.0, 9.0 ], 
            "to": [ 16.0, 6.0, 13.0 ], 
            "faces": {
                "east": { "texture": "#0", "uv": [ 10.0, 7.0, 14.0, 10.0 ] },
                "west": { "texture": "#0", "uv": [ 10.0, 7.0, 14.0, 10.0 ] },
                "up": { "texture": "#0", "uv": [ 14.0, 9.0, 16.0, 13.0 ] },
                "down": { "texture": "#0", "uv": [ 14.0, 9.0, 16.0, 13.0 ] }
            }
        },
        {
            "name": "Top1",
            "from": [ 14.0, 9.0, 9.0 ], 
            "to": [ 16.0, 12.0, 13.0 ], 
            "faces": {
                "east": { "texture": "#0", "uv": [ 10.0, 1.0, 14.0, 4.0 ] },
                "west": { "texture": "#0", "uv": [ 10.0, 1.0, 14.0, 4.0 ] },
                "up": { "texture": "#0", "uv": [ 14.0, 8.0, 16.0, 12.0 ] },
                "down": { "texture": "#0", "uv": [ 14.0, 9.0, 16.0, 13.0 ] }
            }
        }
    ]
}