{
	"textures": {
		"0": "block/fence_gate_crimson",
		"particle": "block/fence_gate_crimson"
	},
	"elements": [
		{
			"name": "Element",
			"from": [0, 5, 7],
			"to": [2, 16, 9],
			"faces": {
				"north": {"uv": [0, 0, 2, 11], "texture": "#0"},
				"east": {"uv": [7, 0, 9, 11], "texture": "#0"},
				"south": {"uv": [0, 0, 2, 11], "texture": "#0"},
				"west": {"uv": [7, 0, 9, 11], "texture": "#0", "cullface": "west"},
				"up": {"uv": [0, 7, 2, 9], "texture": "#0", "cullface": "up"},
				"down": {"uv": [0, 7, 2, 9], "texture": "#0"}
			}
		},
		{
			"name": "Element",
			"from": [14, 5, 7],
			"to": [16, 16, 9],
			"faces": {
				"north": {"uv": [14, 0, 16, 11], "texture": "#0"},
				"east": {"uv": [7, 0, 9, 11], "texture": "#0", "cullface": "east"},
				"south": {"uv": [14, 0, 16, 11], "texture": "#0"},
				"west": {"uv": [7, 0, 9, 11], "texture": "#0"},
				"up": {"uv": [14, 7, 16, 9], "texture": "#0", "cullface": "up"},
				"down": {"uv": [14, 7, 16, 9], "texture": "#0"}
			}
		},
		{
			"name": "Element",
			"from": [0, 6, 13],
			"to": [2, 15, 15],
			"faces": {
				"north": {"uv": [0, 1, 2, 10], "texture": "#0"},
				"east": {"uv": [14, 1, 16, 10], "texture": "#0"},
				"south": {"uv": [0, 1, 2, 10], "texture": "#0"},
				"west": {"uv": [14, 1, 16, 10], "texture": "#0"},
				"up": {"uv": [0, 13, 2, 15], "texture": "#0"},
				"down": {"uv": [0, 13, 2, 15], "texture": "#0"}
			}
		},
		{
			"name": "Element",
			"from": [14, 6, 13],
			"to": [16, 15, 15],
			"faces": {
				"north": {"uv": [14, 1, 16, 10], "texture": "#0"},
				"east": {"uv": [14, 1, 16, 10], "texture": "#0"},
				"south": {"uv": [14, 1, 16, 10], "texture": "#0"},
				"west": {"uv": [14, 1, 16, 10], "texture": "#0"},
				"up": {"uv": [14, 13, 16, 15], "texture": "#0"},
				"down": {"uv": [14, 13, 16, 15], "texture": "#0"}
			}
		},
		{
			"name": "Bottom2",
			"from": [0, 6, 9],
			"to": [2, 9, 13],
			"faces": {
				"east": {"uv": [10, 7, 14, 10], "texture": "#0"},
				"west": {"uv": [10, 7, 14, 10], "texture": "#0"},
				"up": {"uv": [0, 9, 2, 13], "texture": "#0"},
				"down": {"uv": [0, 9, 2, 13], "texture": "#0"}
			}
		},
		{
			"name": "Top2",
			"from": [0, 12, 9],
			"to": [2, 15, 13],
			"faces": {
				"east": {"uv": [10, 1, 14, 4], "texture": "#0"},
				"west": {"uv": [10, 1, 14, 4], "texture": "#0"},
				"up": {"uv": [0, 9, 2, 13], "texture": "#0"},
				"down": {"uv": [0, 9, 2, 13], "texture": "#0"}
			}
		},
		{
			"name": "Bottom1",
			"from": [14, 6, 9],
			"to": [16, 9, 13],
			"faces": {
				"east": {"uv": [10, 7, 14, 10], "texture": "#0"},
				"west": {"uv": [10, 7, 14, 10], "texture": "#0"},
				"up": {"uv": [14, 9, 16, 13], "texture": "#0"},
				"down": {"uv": [14, 9, 16, 13], "texture": "#0"}
			}
		},
		{
			"name": "Top1",
			"from": [14, 12, 9],
			"to": [16, 15, 13],
			"faces": {
				"east": {"uv": [10, 1, 14, 4], "texture": "#0"},
				"west": {"uv": [10, 1, 14, 4], "texture": "#0"},
				"up": {"uv": [14, 8, 16, 12], "texture": "#0"},
				"down": {"uv": [14, 9, 16, 13], "texture": "#0"}
			}
		}
	]
}